"id","availability","condition","description","image _link","link","title","price","brand"
"1","in stock","new","Bolo de Canela com doce de leite (grande)","www.facebook.com/DonaTeia/photos/a.1865604393663515.1073741828.1863823427174945/1893183414238946","www.facebook.com/DonaTeia","Bolo de Canela com doce de leite (grande)","20","Dona Téia - Sabores da Vovó"
"2","in stock","new","Bolo de Canela com doce de leite (júnior)","www.facebook.com/DonaTeia/photos/a.1865604393663515.1073741828.1863823427174945/1909501382607149","www.facebook.com/DonaTeia","Bolo de Canela com doce de leite (júnior)","12","Dona Téia - Sabores da Vovó"
"3","in stock","new","Bolo de Cenoura (grande) com cobertura","www.facebook.com/DonaTeia/photos/a.1865604393663515.1073741828.1863823427174945/1897185787172042","www.facebook.com/DonaTeia","Bolo de Cenoura (grande) com cobertura","21","Dona Téia - Sabores da Vovó"
"4","in stock","new","Bolo de Cenoura (grande) sem cobertura","","www.facebook.com/DonaTeia","Bolo de Cenoura (grande) sem cobertura","16","Dona Téia - Sabores da Vovó"
"5","in stock","new","Bolo de Cenoura (júnior) com cobertura","www.facebook.com/DonaTeia/photos/a.1865604393663515.1073741828.1863823427174945/1936600063230614","www.facebook.com/DonaTeia","Bolo de Cenoura (júnior) com cobertura","11","Dona Téia - Sabores da Vovó"
"6","in stock","new","Bolo de Cenoura (júnior) sem cobertura","","www.facebook.com/DonaTeia","Bolo de Cenoura (júnior) sem cobertura","8","Dona Téia - Sabores da Vovó"
"7","in stock","new","Bolo Formigueiro (grande) com cobertura","www.facebook.com/DonaTeia/photos/a.1865604393663515.1073741828.1863823427174945/1879619365595351","www.facebook.com/DonaTeia","Bolo Formigueiro (grande) com cobertura","25","Dona Téia - Sabores da Vovó"
"8","in stock","new","Bolo Formigueiro (grande) sem cobertura","","www.facebook.com/DonaTeia","Bolo Formigueiro (grande) sem cobertura","22","Dona Téia - Sabores da Vovó"
"9","in stock","new","Bolo Formigueiro (júnior) com cobertura","www.facebook.com/DonaTeia/photos/a.1865604393663515.1073741828.1863823427174945/1879619365595351","www.facebook.com/DonaTeia","Bolo Formigueiro (júnior) com cobertura","14","Dona Téia - Sabores da Vovó"
"10","in stock","new","Bolo Formigueiro (júnior) sem cobertura","","www.facebook.com/DonaTeia","Bolo Formigueiro (júnior) sem cobertura","12","Dona Téia - Sabores da Vovó"
"11","in stock","new","Bolo de Fubá com erva-doce (grande)","","www.facebook.com/DonaTeia","Bolo de Fubá com erva-doce (grande)","17","Dona Téia - Sabores da Vovó"
"12","in stock","new","Bolo de Fubá com erva-doce (júnior)","","www.facebook.com/DonaTeia","Bolo de Fubá com erva-doce (júnior)","10","Dona Téia - Sabores da Vovó"
"13","in stock","new","Bolo de Fubá com goiabada (grande)","www.facebook.com/DonaTeia/photos/a.1865604393663515.1073741828.1863823427174945/1895042860719668","www.facebook.com/DonaTeia","Bolo de Fubá com goiabada (grande)","20","Dona Téia - Sabores da Vovó"
"14","in stock","new","Bolo de Fubá com goiabada (júnior)","www.facebook.com/DonaTeia/photos/a.1865604393663515.1073741828.1863823427174945/1895042860719668","www.facebook.com/DonaTeia","Bolo de Fubá com goiabada (júnior)","11","Dona Téia - Sabores da Vovó"
"15","in stock","new","Bolo de Fubá com laranja e erva-doce (grande)","","www.facebook.com/DonaTeia","Bolo de Fubá com laranja e erva-doce (grande)","18","Dona Téia - Sabores da Vovó"
"16","in stock","new","Bolo de Fubá com laranja e erva-doce (júnior)","","www.facebook.com/DonaTeia","Bolo de Fubá com laranja e erva-doce (júnior)","10","Dona Téia - Sabores da Vovó"
"17","in stock","new","Bolo de Fubá com laranja e goiabada (grande)","www.facebook.com/DonaTeia/photos/a.1865604393663515.1073741828.1863823427174945/1875933719297249","www.facebook.com/DonaTeia","Bolo de Fubá com laranja e goiabada (grande)","18","Dona Téia - Sabores da Vovó"
"18","in stock","new","Bolo de Fubá com laranja e goiabada (júnior)","www.facebook.com/DonaTeia/photos/a.1865604393663515.1073741828.1863823427174945/1875933719297249","www.facebook.com/DonaTeia","Bolo de Fubá com laranja e goiabada (júnior)","10","Dona Téia - Sabores da Vovó"
"19","in stock","new","Bolo de Fubá com laranja (grande)","","www.facebook.com/DonaTeia","Bolo de Fubá com laranja (grande)","16","Dona Téia - Sabores da Vovó"
"20","in stock","new","Bolo de Fubá com laranja (júnior)","","www.facebook.com/DonaTeia","Bolo de Fubá com laranja (júnior)","10","Dona Téia - Sabores da Vovó"
"21","in stock","new","Bolo de Fubá tradicional (grande)","","www.facebook.com/DonaTeia","Bolo de Fubá tradicional (grande)","15","Dona Téia - Sabores da Vovó"
"22","in stock","new","Bolo de Fubá tradicional (júnior)","","www.facebook.com/DonaTeia","Bolo de Fubá tradicional (júnior)","8","Dona Téia - Sabores da Vovó"
"23","in stock","new","Bolo de Laranja (grande) com cobertura","www.facebook.com/DonaTeia/photos/a.1865604393663515.1073741828.1863823427174945/1866951573528797","www.facebook.com/DonaTeia","Bolo de Laranja (grande) com cobertura","17","Dona Téia - Sabores da Vovó"
"24","in stock","new","Bolo de Laranja (grande) sem cobertura","www.facebook.com/DonaTeia/photos/a.1865604393663515.1073741828.1863823427174945/1890695687821052","www.facebook.com/DonaTeia","Bolo de Laranja (grande) sem cobertura","13","Dona Téia - Sabores da Vovó"
"25","in stock","new","Bolo de Laranja (júnior) com cobertura","www.facebook.com/DonaTeia/photos/a.1865604393663515.1073741828.1863823427174945/1866951573528797","www.facebook.com/DonaTeia","Bolo de Laranja (júnior) com cobertura","10","Dona Téia - Sabores da Vovó"
"26","in stock","new","Bolo de Laranja (júnior) sem cobertura","www.facebook.com/DonaTeia/photos/a.1865604393663515.1073741828.1863823427174945/1890695687821052","www.facebook.com/DonaTeia","Bolo de Laranja (júnior) sem cobertura","8","Dona Téia - Sabores da Vovó"
"27","in stock","new","Bolo de Leite Ninho (grande) com cobertura","www.facebook.com/DonaTeia/photos/a.1865604393663515.1073741828.1863823427174945/1934221720135115","www.facebook.com/DonaTeia","Bolo de Leite Ninho (grande) com cobertura","22","Dona Téia - Sabores da Vovó"
"28","in stock","new","Bolo de Leite Ninho (grande) sem cobertura","","www.facebook.com/DonaTeia","Bolo de Leite Ninho (grande) sem cobertura","16","Dona Téia - Sabores da Vovó"
"29","in stock","new","Bolo de Leite Ninho (júnior) com cobertura","www.facebook.com/DonaTeia/photos/a.1865604393663515.1073741828.1863823427174945/1934221720135115","www.facebook.com/DonaTeia","Bolo de Leite Ninho (júnior) com cobertura","12","Dona Téia - Sabores da Vovó"
"30","in stock","new","Bolo de Leite Ninho (júnior) sem cobertura","","www.facebook.com/DonaTeia","Bolo de Leite Ninho (júnior) sem cobertura","8","Dona Téia - Sabores da Vovó"
"31","in stock","new","Bolo de Milho (grande)","","www.facebook.com/DonaTeia","Bolo de Milho (grande)","19","Dona Téia - Sabores da Vovó"
"32","in stock","new","Bolo de Paçoca (grande) com cobertura","www.facebook.com/DonaTeia/photos/a.1865604393663515.1073741828.1863823427174945/1886721651551789","www.facebook.com/DonaTeia","Bolo de Paçoca (grande) com cobertura","22","Dona Téia - Sabores da Vovó"
"33","in stock","new","Bolo de Paçoca (grande) sem cobertura","","www.facebook.com/DonaTeia","Bolo de Paçoca (grande) sem cobertura","15","Dona Téia - Sabores da Vovó"
"34","in stock","new","Bolo de Paçoca (júnior) com cobertura","www.facebook.com/DonaTeia/photos/a.1865604393663515.1073741828.1863823427174945/1886721651551789","www.facebook.com/DonaTeia","Bolo de Paçoca (júnior) com cobertura","12","Dona Téia - Sabores da Vovó"
"35","in stock","new","Bolo de Paçoca (júnior) sem cobertura","","www.facebook.com/DonaTeia","Bolo de Paçoca (júnior) sem cobertura","9","Dona Téia - Sabores da Vovó"
"36","in stock","new","Bolo Vulcão de Chocolate (grande)","www.facebook.com/DonaTeia/photos/a.1865604393663515.1073741828.1863823427174945/1890757244481563","www.facebook.com/DonaTeia","Bolo Vulcão de Chocolate (grande)","55","Dona Téia - Sabores da Vovó"
"37","in stock","new","Bolo Vulcão de Chocolate (júnior)","www.facebook.com/DonaTeia/photos/a.1865604393663515.1073741828.1863823427174945/1870899986467289","www.facebook.com/DonaTeia","Bolo Vulcão de Chocolate (júnior)","28","Dona Téia - Sabores da Vovó"
